{"cameraMode":{"drawMode":0,"name":"Shaded","section":"Shading Mode"},"sceneLighting":false,"audioPlay":false,"sceneViewState":{"m_AlwaysRefresh":false,"showFog":true,"showSkybox":false,"showFlares":true,"showImageEffects":true,"showParticleSystems":true,"showVisualEffectGraphs":true,"m_FxEnabled":true},"in2DMode":false,"pivot":{"x":24.73905372619629,"y":4.702854156494141,"z":25.082340240478517},"rotation":{"x":-0.06970164179801941,"y":-0.0654950961470604,"z":0.0046785627491772179,"w":-0.9955194592475891},"size":2.6797068119049074,"orthographic":false}