{"cameraMode":{"drawMode":0,"name":"Shaded","section":"Shading Mode"},"sceneLighting":false,"audioPlay":false,"sceneViewState":{"m_AlwaysRefresh":false,"showFog":true,"showSkybox":false,"showFlares":true,"showImageEffects":true,"showParticleSystems":true,"showVisualEffectGraphs":true,"m_FxEnabled":true},"in2DMode":false,"pivot":{"x":13.085610389709473,"y":3.8029918670654299,"z":28.10753059387207},"rotation":{"x":-0.15182435512542725,"y":-0.01155441626906395,"z":0.0018580405740067363,"w":-0.988457202911377},"size":2.190984010696411,"orthographic":false}